instance_type,scenario,run_id,seed,algorithm,required_blocks,assigned_blocks,coverage_rate,unassigned_blocks,status,runtime_seconds,teacher_conflicts,group_conflicts,availability_violations,workload_violations,solver_conflicts,solver_branches,workers,time_limit_seconds,instance_hash_sha256,observation
synthetic,x1,1,1,CP-SAT,175,175,1.0,0,OPTIMAL,1.335693,0,0,0,0,677,40787,8,,f696aa3d430db2034aaf72c6d03454d762e98120103fe8757ea4e395a2f3495f,CP-SAT random_seed=1; log=D:\USUARIO EDINSON (no tocar)\Descargas\generador-horarios-final\src\backend-minizinc\resultados\repeated_logs\x1_run1_cpsat.log
synthetic,x1,1,1,Greedy,175,175,1.0,0,COMPLETE,0.0592819,0,0,0,0,,,8,,f696aa3d430db2034aaf72c6d03454d762e98120103fe8757ea4e395a2f3495f,Greedy constructivo completo; mismas restricciones principales verificadas; greedy_restarts=20; restarts_used=0; best_restart=0
synthetic,x1,2,2,CP-SAT,175,175,1.0,0,OPTIMAL,1.454299,0,0,0,0,792,41849,8,,f696aa3d430db2034aaf72c6d03454d762e98120103fe8757ea4e395a2f3495f,CP-SAT random_seed=2; log=D:\USUARIO EDINSON (no tocar)\Descargas\generador-horarios-final\src\backend-minizinc\resultados\repeated_logs\x1_run2_cpsat.log
synthetic,x1,2,2,Greedy,175,175,1.0,0,COMPLETE,0.05847,0,0,0,0,,,8,,f696aa3d430db2034aaf72c6d03454d762e98120103fe8757ea4e395a2f3495f,Greedy constructivo completo; mismas restricciones principales verificadas; greedy_restarts=20; restarts_used=0; best_restart=0
synthetic,x1,3,3,CP-SAT,175,175,1.0,0,OPTIMAL,1.558877,0,0,0,0,677,40787,8,,f696aa3d430db2034aaf72c6d03454d762e98120103fe8757ea4e395a2f3495f,CP-SAT random_seed=3; log=D:\USUARIO EDINSON (no tocar)\Descargas\generador-horarios-final\src\backend-minizinc\resultados\repeated_logs\x1_run3_cpsat.log
synthetic,x1,3,3,Greedy,175,175,1.0,0,COMPLETE,0.0627591,0,0,0,0,,,8,,f696aa3d430db2034aaf72c6d03454d762e98120103fe8757ea4e395a2f3495f,Greedy constructivo completo; mismas restricciones principales verificadas; greedy_restarts=20; restarts_used=0; best_restart=0
synthetic,x1,4,4,CP-SAT,175,175,1.0,0,OPTIMAL,1.639608,0,0,0,0,677,40787,8,,f696aa3d430db2034aaf72c6d03454d762e98120103fe8757ea4e395a2f3495f,CP-SAT random_seed=4; log=D:\USUARIO EDINSON (no tocar)\Descargas\generador-horarios-final\src\backend-minizinc\resultados\repeated_logs\x1_run4_cpsat.log
synthetic,x1,4,4,Greedy,175,175,1.0,0,COMPLETE,0.0597077,0,0,0,0,,,8,,f696aa3d430db2034aaf72c6d03454d762e98120103fe8757ea4e395a2f3495f,Greedy constructivo completo; mismas restricciones principales verificadas; greedy_restarts=20; restarts_used=0; best_restart=0
synthetic,x1,5,5,CP-SAT,175,175,1.0,0,OPTIMAL,1.481058,0,0,0,0,677,40785,8,,f696aa3d430db2034aaf72c6d03454d762e98120103fe8757ea4e395a2f3495f,CP-SAT random_seed=5; log=D:\USUARIO EDINSON (no tocar)\Descargas\generador-horarios-final\src\backend-minizinc\resultados\repeated_logs\x1_run5_cpsat.log
synthetic,x1,5,5,Greedy,175,175,1.0,0,COMPLETE,0.0607785,0,0,0,0,,,8,,f696aa3d430db2034aaf72c6d03454d762e98120103fe8757ea4e395a2f3495f,Greedy constructivo completo; mismas restricciones principales verificadas; greedy_restarts=20; restarts_used=0; best_restart=0
synthetic,x1,6,6,CP-SAT,175,175,1.0,0,OPTIMAL,1.568989,0,0,0,0,792,41849,8,,f696aa3d430db2034aaf72c6d03454d762e98120103fe8757ea4e395a2f3495f,CP-SAT random_seed=6; log=D:\USUARIO EDINSON (no tocar)\Descargas\generador-horarios-final\src\backend-minizinc\resultados\repeated_logs\x1_run6_cpsat.log
synthetic,x1,6,6,Greedy,175,175,1.0,0,COMPLETE,0.061206,0,0,0,0,,,8,,f696aa3d430db2034aaf72c6d03454d762e98120103fe8757ea4e395a2f3495f,Greedy constructivo completo; mismas restricciones principales verificadas; greedy_restarts=20; restarts_used=0; best_restart=0
synthetic,x1,7,7,CP-SAT,175,175,1.0,0,OPTIMAL,1.407352,0,0,0,0,677,40787,8,,f696aa3d430db2034aaf72c6d03454d762e98120103fe8757ea4e395a2f3495f,CP-SAT random_seed=7; log=D:\USUARIO EDINSON (no tocar)\Descargas\generador-horarios-final\src\backend-minizinc\resultados\repeated_logs\x1_run7_cpsat.log
synthetic,x1,7,7,Greedy,175,175,1.0,0,COMPLETE,0.0589383,0,0,0,0,,,8,,f696aa3d430db2034aaf72c6d03454d762e98120103fe8757ea4e395a2f3495f,Greedy constructivo completo; mismas restricciones principales verificadas; greedy_restarts=20; restarts_used=0; best_restart=0
synthetic,x1,8,8,CP-SAT,175,175,1.0,0,OPTIMAL,1.393186,0,0,0,0,677,40787,8,,f696aa3d430db2034aaf72c6d03454d762e98120103fe8757ea4e395a2f3495f,CP-SAT random_seed=8; log=D:\USUARIO EDINSON (no tocar)\Descargas\generador-horarios-final\src\backend-minizinc\resultados\repeated_logs\x1_run8_cpsat.log
synthetic,x1,8,8,Greedy,175,175,1.0,0,COMPLETE,0.0650211,0,0,0,0,,,8,,f696aa3d430db2034aaf72c6d03454d762e98120103fe8757ea4e395a2f3495f,Greedy constructivo completo; mismas restricciones principales verificadas; greedy_restarts=20; restarts_used=0; best_restart=0
synthetic,x1,9,9,CP-SAT,175,175,1.0,0,OPTIMAL,1.712911,0,0,0,0,792,41847,8,,f696aa3d430db2034aaf72c6d03454d762e98120103fe8757ea4e395a2f3495f,CP-SAT random_seed=9; log=D:\USUARIO EDINSON (no tocar)\Descargas\generador-horarios-final\src\backend-minizinc\resultados\repeated_logs\x1_run9_cpsat.log
synthetic,x1,9,9,Greedy,175,175,1.0,0,COMPLETE,0.0714664,0,0,0,0,,,8,,f696aa3d430db2034aaf72c6d03454d762e98120103fe8757ea4e395a2f3495f,Greedy constructivo completo; mismas restricciones principales verificadas; greedy_restarts=20; restarts_used=0; best_restart=0
synthetic,x1,10,10,CP-SAT,175,175,1.0,0,OPTIMAL,1.472427,0,0,0,0,792,41849,8,,f696aa3d430db2034aaf72c6d03454d762e98120103fe8757ea4e395a2f3495f,CP-SAT random_seed=10; log=D:\USUARIO EDINSON (no tocar)\Descargas\generador-horarios-final\src\backend-minizinc\resultados\repeated_logs\x1_run10_cpsat.log
synthetic,x1,10,10,Greedy,175,175,1.0,0,COMPLETE,0.0582757,0,0,0,0,,,8,,f696aa3d430db2034aaf72c6d03454d762e98120103fe8757ea4e395a2f3495f,Greedy constructivo completo; mismas restricciones principales verificadas; greedy_restarts=20; restarts_used=0; best_restart=0
synthetic,x2,1,1,CP-SAT,350,350,1.0,0,OPTIMAL,4.522737,0,0,0,0,4920,201325,8,,6f16f0d8fe3316ac7cba79ba1a831f5642f50bd911642e260b887732cd6fac1a,CP-SAT random_seed=1; log=D:\USUARIO EDINSON (no tocar)\Descargas\generador-horarios-final\src\backend-minizinc\resultados\repeated_logs\x2_run1_cpsat.log
synthetic,x2,1,1,Greedy,350,350,1.0,0,COMPLETE,0.1252929,0,0,0,0,,,8,,6f16f0d8fe3316ac7cba79ba1a831f5642f50bd911642e260b887732cd6fac1a,Greedy constructivo completo; mismas restricciones principales verificadas; greedy_restarts=20; restarts_used=0; best_restart=0
synthetic,x2,2,2,CP-SAT,350,350,1.0,0,OPTIMAL,5.759153,0,0,0,0,6651,257658,8,,6f16f0d8fe3316ac7cba79ba1a831f5642f50bd911642e260b887732cd6fac1a,CP-SAT random_seed=2; log=D:\USUARIO EDINSON (no tocar)\Descargas\generador-horarios-final\src\backend-minizinc\resultados\repeated_logs\x2_run2_cpsat.log
synthetic,x2,2,2,Greedy,350,350,1.0,0,COMPLETE,0.1229778,0,0,0,0,,,8,,6f16f0d8fe3316ac7cba79ba1a831f5642f50bd911642e260b887732cd6fac1a,Greedy constructivo completo; mismas restricciones principales verificadas; greedy_restarts=20; restarts_used=0; best_restart=0
synthetic,x2,3,3,CP-SAT,350,350,1.0,0,OPTIMAL,6.270146,0,0,0,0,6556,241123,8,,6f16f0d8fe3316ac7cba79ba1a831f5642f50bd911642e260b887732cd6fac1a,CP-SAT random_seed=3; log=D:\USUARIO EDINSON (no tocar)\Descargas\generador-horarios-final\src\backend-minizinc\resultados\repeated_logs\x2_run3_cpsat.log
synthetic,x2,3,3,Greedy,350,350,1.0,0,COMPLETE,0.1521563,0,0,0,0,,,8,,6f16f0d8fe3316ac7cba79ba1a831f5642f50bd911642e260b887732cd6fac1a,Greedy constructivo completo; mismas restricciones principales verificadas; greedy_restarts=20; restarts_used=0; best_restart=0
synthetic,x2,4,4,CP-SAT,350,350,1.0,0,OPTIMAL,6.785276,0,0,0,0,6724,257713,8,,6f16f0d8fe3316ac7cba79ba1a831f5642f50bd911642e260b887732cd6fac1a,CP-SAT random_seed=4; log=D:\USUARIO EDINSON (no tocar)\Descargas\generador-horarios-final\src\backend-minizinc\resultados\repeated_logs\x2_run4_cpsat.log
synthetic,x2,4,4,Greedy,350,350,1.0,0,COMPLETE,0.1389132,0,0,0,0,,,8,,6f16f0d8fe3316ac7cba79ba1a831f5642f50bd911642e260b887732cd6fac1a,Greedy constructivo completo; mismas restricciones principales verificadas; greedy_restarts=20; restarts_used=0; best_restart=0
synthetic,x2,5,5,CP-SAT,350,350,1.0,0,OPTIMAL,5.395236,0,0,0,0,17970,128138,8,,6f16f0d8fe3316ac7cba79ba1a831f5642f50bd911642e260b887732cd6fac1a,CP-SAT random_seed=5; log=D:\USUARIO EDINSON (no tocar)\Descargas\generador-horarios-final\src\backend-minizinc\resultados\repeated_logs\x2_run5_cpsat.log
synthetic,x2,5,5,Greedy,350,350,1.0,0,COMPLETE,0.1224624,0,0,0,0,,,8,,6f16f0d8fe3316ac7cba79ba1a831f5642f50bd911642e260b887732cd6fac1a,Greedy constructivo completo; mismas restricciones principales verificadas; greedy_restarts=20; restarts_used=0; best_restart=0
synthetic,x2,6,6,CP-SAT,350,350,1.0,0,OPTIMAL,6.377155,0,0,0,0,10564,123252,8,,6f16f0d8fe3316ac7cba79ba1a831f5642f50bd911642e260b887732cd6fac1a,CP-SAT random_seed=6; log=D:\USUARIO EDINSON (no tocar)\Descargas\generador-horarios-final\src\backend-minizinc\resultados\repeated_logs\x2_run6_cpsat.log
synthetic,x2,6,6,Greedy,350,350,1.0,0,COMPLETE,0.1523402,0,0,0,0,,,8,,6f16f0d8fe3316ac7cba79ba1a831f5642f50bd911642e260b887732cd6fac1a,Greedy constructivo completo; mismas restricciones principales verificadas; greedy_restarts=20; restarts_used=0; best_restart=0
synthetic,x2,7,7,CP-SAT,350,350,1.0,0,OPTIMAL,5.9906,0,0,0,0,5997,230723,8,,6f16f0d8fe3316ac7cba79ba1a831f5642f50bd911642e260b887732cd6fac1a,CP-SAT random_seed=7; log=D:\USUARIO EDINSON (no tocar)\Descargas\generador-horarios-final\src\backend-minizinc\resultados\repeated_logs\x2_run7_cpsat.log
synthetic,x2,7,7,Greedy,350,350,1.0,0,COMPLETE,0.1298935,0,0,0,0,,,8,,6f16f0d8fe3316ac7cba79ba1a831f5642f50bd911642e260b887732cd6fac1a,Greedy constructivo completo; mismas restricciones principales verificadas; greedy_restarts=20; restarts_used=0; best_restart=0
synthetic,x2,8,8,CP-SAT,350,350,1.0,0,OPTIMAL,9.872385,0,0,0,0,7643,281030,8,,6f16f0d8fe3316ac7cba79ba1a831f5642f50bd911642e260b887732cd6fac1a,CP-SAT random_seed=8; log=D:\USUARIO EDINSON (no tocar)\Descargas\generador-horarios-final\src\backend-minizinc\resultados\repeated_logs\x2_run8_cpsat.log
synthetic,x2,8,8,Greedy,350,350,1.0,0,COMPLETE,0.1372496,0,0,0,0,,,8,,6f16f0d8fe3316ac7cba79ba1a831f5642f50bd911642e260b887732cd6fac1a,Greedy constructivo completo; mismas restricciones principales verificadas; greedy_restarts=20; restarts_used=0; best_restart=0
synthetic,x2,9,9,CP-SAT,350,350,1.0,0,OPTIMAL,7.464027,0,0,0,0,7447,276508,8,,6f16f0d8fe3316ac7cba79ba1a831f5642f50bd911642e260b887732cd6fac1a,CP-SAT random_seed=9; log=D:\USUARIO EDINSON (no tocar)\Descargas\generador-horarios-final\src\backend-minizinc\resultados\repeated_logs\x2_run9_cpsat.log
synthetic,x2,9,9,Greedy,350,350,1.0,0,COMPLETE,0.1404585,0,0,0,0,,,8,,6f16f0d8fe3316ac7cba79ba1a831f5642f50bd911642e260b887732cd6fac1a,Greedy constructivo completo; mismas restricciones principales verificadas; greedy_restarts=20; restarts_used=0; best_restart=0
synthetic,x2,10,10,CP-SAT,350,350,1.0,0,OPTIMAL,5.677232,0,0,0,0,7755,106537,8,,6f16f0d8fe3316ac7cba79ba1a831f5642f50bd911642e260b887732cd6fac1a,CP-SAT random_seed=10; log=D:\USUARIO EDINSON (no tocar)\Descargas\generador-horarios-final\src\backend-minizinc\resultados\repeated_logs\x2_run10_cpsat.log
synthetic,x2,10,10,Greedy,350,350,1.0,0,COMPLETE,0.1803686,0,0,0,0,,,8,,6f16f0d8fe3316ac7cba79ba1a831f5642f50bd911642e260b887732cd6fac1a,Greedy constructivo completo; mismas restricciones principales verificadas; greedy_restarts=20; restarts_used=0; best_restart=0
synthetic,x5,1,1,CP-SAT,875,875,1.0,0,OPTIMAL,22.581755,0,0,0,0,52231,498522,8,,8181f1d3ecca8be042636c9370e8e703f5241aa0e88512f5b5fe5c6043ce0bc1,CP-SAT random_seed=1; log=D:\USUARIO EDINSON (no tocar)\Descargas\generador-horarios-final\src\backend-minizinc\resultados\repeated_logs\x5_run1_cpsat.log
synthetic,x5,1,1,Greedy,875,875,1.0,0,COMPLETE,0.3488384,0,0,0,0,,,8,,8181f1d3ecca8be042636c9370e8e703f5241aa0e88512f5b5fe5c6043ce0bc1,Greedy constructivo completo; mismas restricciones principales verificadas; greedy_restarts=20; restarts_used=0; best_restart=0
synthetic,x5,2,2,CP-SAT,875,875,1.0,0,OPTIMAL,61.181247,0,0,0,0,214393,1632545,8,,8181f1d3ecca8be042636c9370e8e703f5241aa0e88512f5b5fe5c6043ce0bc1,CP-SAT random_seed=2; log=D:\USUARIO EDINSON (no tocar)\Descargas\generador-horarios-final\src\backend-minizinc\resultados\repeated_logs\x5_run2_cpsat.log
synthetic,x5,2,2,Greedy,875,875,1.0,0,COMPLETE,0.3346412,0,0,0,0,,,8,,8181f1d3ecca8be042636c9370e8e703f5241aa0e88512f5b5fe5c6043ce0bc1,Greedy constructivo completo; mismas restricciones principales verificadas; greedy_restarts=20; restarts_used=0; best_restart=0
synthetic,x5,3,3,CP-SAT,875,875,1.0,0,OPTIMAL,20.367605,0,0,0,0,77035,551301,8,,8181f1d3ecca8be042636c9370e8e703f5241aa0e88512f5b5fe5c6043ce0bc1,CP-SAT random_seed=3; log=D:\USUARIO EDINSON (no tocar)\Descargas\generador-horarios-final\src\backend-minizinc\resultados\repeated_logs\x5_run3_cpsat.log
synthetic,x5,3,3,Greedy,875,875,1.0,0,COMPLETE,0.3488881,0,0,0,0,,,8,,8181f1d3ecca8be042636c9370e8e703f5241aa0e88512f5b5fe5c6043ce0bc1,Greedy constructivo completo; mismas restricciones principales verificadas; greedy_restarts=20; restarts_used=0; best_restart=0
synthetic,x5,4,4,CP-SAT,875,875,1.0,0,OPTIMAL,30.401102,0,0,0,0,130131,793428,8,,8181f1d3ecca8be042636c9370e8e703f5241aa0e88512f5b5fe5c6043ce0bc1,CP-SAT random_seed=4; log=D:\USUARIO EDINSON (no tocar)\Descargas\generador-horarios-final\src\backend-minizinc\resultados\repeated_logs\x5_run4_cpsat.log
synthetic,x5,4,4,Greedy,875,875,1.0,0,COMPLETE,0.3446582,0,0,0,0,,,8,,8181f1d3ecca8be042636c9370e8e703f5241aa0e88512f5b5fe5c6043ce0bc1,Greedy constructivo completo; mismas restricciones principales verificadas; greedy_restarts=20; restarts_used=0; best_restart=0
synthetic,x5,5,5,CP-SAT,875,875,1.0,0,OPTIMAL,18.264801,0,0,0,0,67166,514945,8,,8181f1d3ecca8be042636c9370e8e703f5241aa0e88512f5b5fe5c6043ce0bc1,CP-SAT random_seed=5; log=D:\USUARIO EDINSON (no tocar)\Descargas\generador-horarios-final\src\backend-minizinc\resultados\repeated_logs\x5_run5_cpsat.log
synthetic,x5,5,5,Greedy,875,875,1.0,0,COMPLETE,0.3562672,0,0,0,0,,,8,,8181f1d3ecca8be042636c9370e8e703f5241aa0e88512f5b5fe5c6043ce0bc1,Greedy constructivo completo; mismas restricciones principales verificadas; greedy_restarts=20; restarts_used=0; best_restart=0
synthetic,x5,6,6,CP-SAT,875,875,1.0,0,OPTIMAL,62.239766,0,0,0,0,37624,2659355,8,,8181f1d3ecca8be042636c9370e8e703f5241aa0e88512f5b5fe5c6043ce0bc1,CP-SAT random_seed=6; log=D:\USUARIO EDINSON (no tocar)\Descargas\generador-horarios-final\src\backend-minizinc\resultados\repeated_logs\x5_run6_cpsat.log
synthetic,x5,6,6,Greedy,875,875,1.0,0,COMPLETE,0.3440946,0,0,0,0,,,8,,8181f1d3ecca8be042636c9370e8e703f5241aa0e88512f5b5fe5c6043ce0bc1,Greedy constructivo completo; mismas restricciones principales verificadas; greedy_restarts=20; restarts_used=0; best_restart=0
synthetic,x5,7,7,CP-SAT,875,875,1.0,0,OPTIMAL,22.327857,0,0,0,0,86773,604058,8,,8181f1d3ecca8be042636c9370e8e703f5241aa0e88512f5b5fe5c6043ce0bc1,CP-SAT random_seed=7; log=D:\USUARIO EDINSON (no tocar)\Descargas\generador-horarios-final\src\backend-minizinc\resultados\repeated_logs\x5_run7_cpsat.log
synthetic,x5,7,7,Greedy,875,875,1.0,0,COMPLETE,0.3531182,0,0,0,0,,,8,,8181f1d3ecca8be042636c9370e8e703f5241aa0e88512f5b5fe5c6043ce0bc1,Greedy constructivo completo; mismas restricciones principales verificadas; greedy_restarts=20; restarts_used=0; best_restart=0
synthetic,x5,8,8,CP-SAT,875,875,1.0,0,OPTIMAL,63.709596,0,0,0,0,193588,1190593,8,,8181f1d3ecca8be042636c9370e8e703f5241aa0e88512f5b5fe5c6043ce0bc1,CP-SAT random_seed=8; log=D:\USUARIO EDINSON (no tocar)\Descargas\generador-horarios-final\src\backend-minizinc\resultados\repeated_logs\x5_run8_cpsat.log
synthetic,x5,8,8,Greedy,875,875,1.0,0,COMPLETE,0.4356169,0,0,0,0,,,8,,8181f1d3ecca8be042636c9370e8e703f5241aa0e88512f5b5fe5c6043ce0bc1,Greedy constructivo completo; mismas restricciones principales verificadas; greedy_restarts=20; restarts_used=0; best_restart=0
synthetic,x5,9,9,CP-SAT,875,875,1.0,0,OPTIMAL,80.155213,0,0,0,0,41053,2901302,8,,8181f1d3ecca8be042636c9370e8e703f5241aa0e88512f5b5fe5c6043ce0bc1,CP-SAT random_seed=9; log=D:\USUARIO EDINSON (no tocar)\Descargas\generador-horarios-final\src\backend-minizinc\resultados\repeated_logs\x5_run9_cpsat.log
synthetic,x5,9,9,Greedy,875,875,1.0,0,COMPLETE,0.5289957,0,0,0,0,,,8,,8181f1d3ecca8be042636c9370e8e703f5241aa0e88512f5b5fe5c6043ce0bc1,Greedy constructivo completo; mismas restricciones principales verificadas; greedy_restarts=20; restarts_used=0; best_restart=0
synthetic,x5,10,10,CP-SAT,875,875,1.0,0,OPTIMAL,23.331139,0,0,0,0,88734,560079,8,,8181f1d3ecca8be042636c9370e8e703f5241aa0e88512f5b5fe5c6043ce0bc1,CP-SAT random_seed=10; log=D:\USUARIO EDINSON (no tocar)\Descargas\generador-horarios-final\src\backend-minizinc\resultados\repeated_logs\x5_run10_cpsat.log
synthetic,x5,10,10,Greedy,875,875,1.0,0,COMPLETE,0.3587082,0,0,0,0,,,8,,8181f1d3ecca8be042636c9370e8e703f5241aa0e88512f5b5fe5c6043ce0bc1,Greedy constructivo completo; mismas restricciones principales verificadas; greedy_restarts=20; restarts_used=0; best_restart=0
synthetic,x10,1,1,CP-SAT,1750,1750,1.0,0,OPTIMAL,107.754286,0,0,0,0,428813,2900436,8,,915bb297897451baeef4eb5b33fcb8cf31be3201416ab28d4a5ee17145c083f5,CP-SAT random_seed=1; log=D:\USUARIO EDINSON (no tocar)\Descargas\generador-horarios-final\src\backend-minizinc\resultados\repeated_logs\x10_run1_cpsat.log
synthetic,x10,1,1,Greedy,1750,1750,1.0,0,COMPLETE,0.6770889,0,0,0,0,,,8,,915bb297897451baeef4eb5b33fcb8cf31be3201416ab28d4a5ee17145c083f5,Greedy constructivo completo; mismas restricciones principales verificadas; greedy_restarts=20; restarts_used=0; best_restart=0
synthetic,x10,2,2,CP-SAT,1750,1750,1.0,0,OPTIMAL,363.652747,0,0,0,0,119432,14528961,8,,915bb297897451baeef4eb5b33fcb8cf31be3201416ab28d4a5ee17145c083f5,CP-SAT random_seed=2; log=D:\USUARIO EDINSON (no tocar)\Descargas\generador-horarios-final\src\backend-minizinc\resultados\repeated_logs\x10_run2_cpsat.log
synthetic,x10,2,2,Greedy,1750,1750,1.0,0,COMPLETE,0.7150681,0,0,0,0,,,8,,915bb297897451baeef4eb5b33fcb8cf31be3201416ab28d4a5ee17145c083f5,Greedy constructivo completo; mismas restricciones principales verificadas; greedy_restarts=20; restarts_used=0; best_restart=0
synthetic,x10,3,3,CP-SAT,1750,1750,1.0,0,OPTIMAL,170.467676,0,0,0,0,544771,4964168,8,,915bb297897451baeef4eb5b33fcb8cf31be3201416ab28d4a5ee17145c083f5,CP-SAT random_seed=3; log=D:\USUARIO EDINSON (no tocar)\Descargas\generador-horarios-final\src\backend-minizinc\resultados\repeated_logs\x10_run3_cpsat.log
synthetic,x10,3,3,Greedy,1750,1750,1.0,0,COMPLETE,0.680085,0,0,0,0,,,8,,915bb297897451baeef4eb5b33fcb8cf31be3201416ab28d4a5ee17145c083f5,Greedy constructivo completo; mismas restricciones principales verificadas; greedy_restarts=20; restarts_used=0; best_restart=0
synthetic,x10,4,4,CP-SAT,1750,1750,1.0,0,OPTIMAL,178.575444,0,0,0,0,715590,4044393,8,,915bb297897451baeef4eb5b33fcb8cf31be3201416ab28d4a5ee17145c083f5,CP-SAT random_seed=4; log=D:\USUARIO EDINSON (no tocar)\Descargas\generador-horarios-final\src\backend-minizinc\resultados\repeated_logs\x10_run4_cpsat.log
synthetic,x10,4,4,Greedy,1750,1750,1.0,0,COMPLETE,0.7568982,0,0,0,0,,,8,,915bb297897451baeef4eb5b33fcb8cf31be3201416ab28d4a5ee17145c083f5,Greedy constructivo completo; mismas restricciones principales verificadas; greedy_restarts=20; restarts_used=0; best_restart=0
synthetic,x10,5,5,CP-SAT,1750,1750,1.0,0,OPTIMAL,423.329205,0,0,0,0,1940071,9315859,8,,915bb297897451baeef4eb5b33fcb8cf31be3201416ab28d4a5ee17145c083f5,CP-SAT random_seed=5; log=D:\USUARIO EDINSON (no tocar)\Descargas\generador-horarios-final\src\backend-minizinc\resultados\repeated_logs\x10_run5_cpsat.log
synthetic,x10,5,5,Greedy,1750,1750,1.0,0,COMPLETE,0.6843861,0,0,0,0,,,8,,915bb297897451baeef4eb5b33fcb8cf31be3201416ab28d4a5ee17145c083f5,Greedy constructivo completo; mismas restricciones principales verificadas; greedy_restarts=20; restarts_used=0; best_restart=0
synthetic,x10,6,6,CP-SAT,1750,1750,1.0,0,OPTIMAL,131.612079,0,0,0,0,543818,2987270,8,,915bb297897451baeef4eb5b33fcb8cf31be3201416ab28d4a5ee17145c083f5,CP-SAT random_seed=6; log=D:\USUARIO EDINSON (no tocar)\Descargas\generador-horarios-final\src\backend-minizinc\resultados\repeated_logs\x10_run6_cpsat.log
synthetic,x10,6,6,Greedy,1750,1750,1.0,0,COMPLETE,0.7186814,0,0,0,0,,,8,,915bb297897451baeef4eb5b33fcb8cf31be3201416ab28d4a5ee17145c083f5,Greedy constructivo completo; mismas restricciones principales verificadas; greedy_restarts=20; restarts_used=0; best_restart=0
synthetic,x10,7,7,CP-SAT,1750,1750,1.0,0,OPTIMAL,133.77222,0,0,0,0,457682,3799905,8,,915bb297897451baeef4eb5b33fcb8cf31be3201416ab28d4a5ee17145c083f5,CP-SAT random_seed=7; log=D:\USUARIO EDINSON (no tocar)\Descargas\generador-horarios-final\src\backend-minizinc\resultados\repeated_logs\x10_run7_cpsat.log
synthetic,x10,7,7,Greedy,1750,1750,1.0,0,COMPLETE,0.6906278,0,0,0,0,,,8,,915bb297897451baeef4eb5b33fcb8cf31be3201416ab28d4a5ee17145c083f5,Greedy constructivo completo; mismas restricciones principales verificadas; greedy_restarts=20; restarts_used=0; best_restart=0
synthetic,x10,8,8,CP-SAT,1750,1750,1.0,0,OPTIMAL,398.151299,0,0,0,0,1684084,8717565,8,,915bb297897451baeef4eb5b33fcb8cf31be3201416ab28d4a5ee17145c083f5,CP-SAT random_seed=8; log=D:\USUARIO EDINSON (no tocar)\Descargas\generador-horarios-final\src\backend-minizinc\resultados\repeated_logs\x10_run8_cpsat.log
synthetic,x10,8,8,Greedy,1750,1750,1.0,0,COMPLETE,0.6891971,0,0,0,0,,,8,,915bb297897451baeef4eb5b33fcb8cf31be3201416ab28d4a5ee17145c083f5,Greedy constructivo completo; mismas restricciones principales verificadas; greedy_restarts=20; restarts_used=0; best_restart=0
synthetic,x10,9,9,CP-SAT,1750,1750,1.0,0,OPTIMAL,177.266226,0,0,0,0,593243,5209113,8,,915bb297897451baeef4eb5b33fcb8cf31be3201416ab28d4a5ee17145c083f5,CP-SAT random_seed=9; log=D:\USUARIO EDINSON (no tocar)\Descargas\generador-horarios-final\src\backend-minizinc\resultados\repeated_logs\x10_run9_cpsat.log
synthetic,x10,9,9,Greedy,1750,1750,1.0,0,COMPLETE,0.6638333,0,0,0,0,,,8,,915bb297897451baeef4eb5b33fcb8cf31be3201416ab28d4a5ee17145c083f5,Greedy constructivo completo; mismas restricciones principales verificadas; greedy_restarts=20; restarts_used=0; best_restart=0
synthetic,x10,10,10,CP-SAT,1750,1750,1.0,0,OPTIMAL,411.335722,0,0,0,0,139413,16619992,8,,915bb297897451baeef4eb5b33fcb8cf31be3201416ab28d4a5ee17145c083f5,CP-SAT random_seed=10; log=D:\USUARIO EDINSON (no tocar)\Descargas\generador-horarios-final\src\backend-minizinc\resultados\repeated_logs\x10_run10_cpsat.log
synthetic,x10,10,10,Greedy,1750,1750,1.0,0,COMPLETE,0.7051139,0,0,0,0,,,8,,915bb297897451baeef4eb5b33fcb8cf31be3201416ab28d4a5ee17145c083f5,Greedy constructivo completo; mismas restricciones principales verificadas; greedy_restarts=20; restarts_used=0; best_restart=0
web-real,web-real,1,1,CP-SAT,175,175,1.0,0,OPTIMAL,2.42902,0,0,0,0,10242,52400,8,,8db7674e306ef20d3fe9021a30efc870d3357e407eec78be806c5dac6ce91e39,CP-SAT random_seed=1; log=D:\USUARIO EDINSON (no tocar)\Descargas\generador-horarios-final\src\backend-minizinc\resultados\repeated_logs\web-real_run1_cpsat.log
web-real,web-real,1,1,Greedy,175,166,0.948571429,9,PARTIAL,3.7066678,0,0,0,0,,,8,,8db7674e306ef20d3fe9021a30efc870d3357e407eec78be806c5dac6ce91e39,"Greedy parcial tras estrategia MRV, 20 reinicios y reparacion simple; bloques_no_asignados=9; violaciones_huecos_grupo=2; greedy_restarts=20; restarts_used=20; best_restart=9"
web-real,web-real,2,2,CP-SAT,175,175,1.0,0,OPTIMAL,4.920928,0,0,0,0,24131,140477,8,,8db7674e306ef20d3fe9021a30efc870d3357e407eec78be806c5dac6ce91e39,CP-SAT random_seed=2; log=D:\USUARIO EDINSON (no tocar)\Descargas\generador-horarios-final\src\backend-minizinc\resultados\repeated_logs\web-real_run2_cpsat.log
web-real,web-real,2,2,Greedy,175,166,0.948571429,9,PARTIAL,3.9710109,0,0,0,0,,,8,,8db7674e306ef20d3fe9021a30efc870d3357e407eec78be806c5dac6ce91e39,"Greedy parcial tras estrategia MRV, 20 reinicios y reparacion simple; bloques_no_asignados=9; violaciones_huecos_grupo=2; greedy_restarts=20; restarts_used=20; best_restart=1"
web-real,web-real,3,3,CP-SAT,175,175,1.0,0,OPTIMAL,1.837247,0,0,0,0,7737,45669,8,,8db7674e306ef20d3fe9021a30efc870d3357e407eec78be806c5dac6ce91e39,CP-SAT random_seed=3; log=D:\USUARIO EDINSON (no tocar)\Descargas\generador-horarios-final\src\backend-minizinc\resultados\repeated_logs\web-real_run3_cpsat.log
web-real,web-real,3,3,Greedy,175,163,0.931428571,12,PARTIAL,4.0016828,0,0,0,0,,,8,,8db7674e306ef20d3fe9021a30efc870d3357e407eec78be806c5dac6ce91e39,"Greedy parcial tras estrategia MRV, 20 reinicios y reparacion simple; bloques_no_asignados=12; violaciones_huecos_grupo=2; greedy_restarts=20; restarts_used=20; best_restart=14"
web-real,web-real,4,4,CP-SAT,175,175,1.0,0,OPTIMAL,4.389304,0,0,0,0,20249,116976,8,,8db7674e306ef20d3fe9021a30efc870d3357e407eec78be806c5dac6ce91e39,CP-SAT random_seed=4; log=D:\USUARIO EDINSON (no tocar)\Descargas\generador-horarios-final\src\backend-minizinc\resultados\repeated_logs\web-real_run4_cpsat.log
web-real,web-real,4,4,Greedy,175,165,0.942857143,10,PARTIAL,4.0536033,0,0,0,0,,,8,,8db7674e306ef20d3fe9021a30efc870d3357e407eec78be806c5dac6ce91e39,"Greedy parcial tras estrategia MRV, 20 reinicios y reparacion simple; bloques_no_asignados=10; violaciones_huecos_grupo=3; greedy_restarts=20; restarts_used=20; best_restart=4"
web-real,web-real,5,5,CP-SAT,175,175,1.0,0,OPTIMAL,2.108909,0,0,0,0,8447,56581,8,,8db7674e306ef20d3fe9021a30efc870d3357e407eec78be806c5dac6ce91e39,CP-SAT random_seed=5; log=D:\USUARIO EDINSON (no tocar)\Descargas\generador-horarios-final\src\backend-minizinc\resultados\repeated_logs\web-real_run5_cpsat.log
web-real,web-real,5,5,Greedy,175,167,0.954285714,8,PARTIAL,4.1586433,0,0,0,0,,,8,,8db7674e306ef20d3fe9021a30efc870d3357e407eec78be806c5dac6ce91e39,"Greedy parcial tras estrategia MRV, 20 reinicios y reparacion simple; bloques_no_asignados=8; violaciones_huecos_grupo=1; greedy_restarts=20; restarts_used=20; best_restart=18"
web-real,web-real,6,6,CP-SAT,175,175,1.0,0,OPTIMAL,3.679473,0,0,0,0,14129,110207,8,,8db7674e306ef20d3fe9021a30efc870d3357e407eec78be806c5dac6ce91e39,CP-SAT random_seed=6; log=D:\USUARIO EDINSON (no tocar)\Descargas\generador-horarios-final\src\backend-minizinc\resultados\repeated_logs\web-real_run6_cpsat.log
web-real,web-real,6,6,Greedy,175,165,0.942857143,10,PARTIAL,4.0320498,0,0,0,0,,,8,,8db7674e306ef20d3fe9021a30efc870d3357e407eec78be806c5dac6ce91e39,"Greedy parcial tras estrategia MRV, 20 reinicios y reparacion simple; bloques_no_asignados=10; violaciones_huecos_grupo=3; greedy_restarts=20; restarts_used=20; best_restart=10"
web-real,web-real,7,7,CP-SAT,175,175,1.0,0,OPTIMAL,4.074524,0,0,0,0,15053,109712,8,,8db7674e306ef20d3fe9021a30efc870d3357e407eec78be806c5dac6ce91e39,CP-SAT random_seed=7; log=D:\USUARIO EDINSON (no tocar)\Descargas\generador-horarios-final\src\backend-minizinc\resultados\repeated_logs\web-real_run7_cpsat.log
web-real,web-real,7,7,Greedy,175,164,0.937142857,11,PARTIAL,4.2315271,0,0,0,0,,,8,,8db7674e306ef20d3fe9021a30efc870d3357e407eec78be806c5dac6ce91e39,"Greedy parcial tras estrategia MRV, 20 reinicios y reparacion simple; bloques_no_asignados=11; violaciones_huecos_grupo=0; greedy_restarts=20; restarts_used=20; best_restart=9"
web-real,web-real,8,8,CP-SAT,175,175,1.0,0,OPTIMAL,3.995198,0,0,0,0,12226,117970,8,,8db7674e306ef20d3fe9021a30efc870d3357e407eec78be806c5dac6ce91e39,CP-SAT random_seed=8; log=D:\USUARIO EDINSON (no tocar)\Descargas\generador-horarios-final\src\backend-minizinc\resultados\repeated_logs\web-real_run8_cpsat.log
web-real,web-real,8,8,Greedy,175,166,0.948571429,9,PARTIAL,4.1398518,0,0,0,0,,,8,,8db7674e306ef20d3fe9021a30efc870d3357e407eec78be806c5dac6ce91e39,"Greedy parcial tras estrategia MRV, 20 reinicios y reparacion simple; bloques_no_asignados=9; violaciones_huecos_grupo=3; greedy_restarts=20; restarts_used=20; best_restart=2"
web-real,web-real,9,9,CP-SAT,175,175,1.0,0,OPTIMAL,3.973604,0,0,0,0,14528,108812,8,,8db7674e306ef20d3fe9021a30efc870d3357e407eec78be806c5dac6ce91e39,CP-SAT random_seed=9; log=D:\USUARIO EDINSON (no tocar)\Descargas\generador-horarios-final\src\backend-minizinc\resultados\repeated_logs\web-real_run9_cpsat.log
web-real,web-real,9,9,Greedy,175,164,0.937142857,11,PARTIAL,4.543123,0,0,0,0,,,8,,8db7674e306ef20d3fe9021a30efc870d3357e407eec78be806c5dac6ce91e39,"Greedy parcial tras estrategia MRV, 20 reinicios y reparacion simple; bloques_no_asignados=11; violaciones_huecos_grupo=2; greedy_restarts=20; restarts_used=20; best_restart=20"
web-real,web-real,10,10,CP-SAT,175,175,1.0,0,OPTIMAL,2.029729,0,0,0,0,6877,50849,8,,8db7674e306ef20d3fe9021a30efc870d3357e407eec78be806c5dac6ce91e39,CP-SAT random_seed=10; log=D:\USUARIO EDINSON (no tocar)\Descargas\generador-horarios-final\src\backend-minizinc\resultados\repeated_logs\web-real_run10_cpsat.log
web-real,web-real,10,10,Greedy,175,164,0.937142857,11,PARTIAL,4.4395364,0,0,0,0,,,8,,8db7674e306ef20d3fe9021a30efc870d3357e407eec78be806c5dac6ce91e39,"Greedy parcial tras estrategia MRV, 20 reinicios y reparacion simple; bloques_no_asignados=11; violaciones_huecos_grupo=3; greedy_restarts=20; restarts_used=20; best_restart=10"
